<?xml version="1.0" encoding="UTF-8" standalone="no"?>
<?fileVersion 4.0.0?><cproject storage_type_id="org.eclipse.cdt.core.XmlProjectDescriptionStorage">
	<storageModule moduleId="org.eclipse.cdt.core.settings">
		<cconfiguration id="xilinx.gnu.mb.exe.debug.1556046307">
			<storageModule buildSystemId="org.eclipse.cdt.managedbuilder.core.configurationDataProvider" id="xilinx.gnu.mb.exe.debug.1556046307" moduleId="org.eclipse.cdt.core.settings" name="Debug">
				<externalSettings/>
				<extensions>
					<extension id="com.xilinx.sdk.managedbuilder.XELF.mb" point="org.eclipse.cdt.core.BinaryParser"/>
					<extension id="org.eclipse.cdt.core.GASErrorParser" point="org.eclipse.cdt.core.ErrorParser"/>
					<extension id="org.eclipse.cdt.core.GmakeErrorParser" point="org.eclipse.cdt.core.ErrorParser"/>
					<extension id="org.eclipse.cdt.core.GLDErrorParser" point="org.eclipse.cdt.core.ErrorParser"/>
					<extension id="org.eclipse.cdt.core.CWDLocator" point="org.eclipse.cdt.core.ErrorParser"/>
					<extension id="org.eclipse.cdt.core.GCCErrorParser" point="org.eclipse.cdt.core.ErrorParser"/>
				</extensions>
			</storageModule>
			<storageModule moduleId="cdtBuildSystem" version="4.0.0">
				<configuration artifactExtension="elf" artifactName="${ProjName}" buildArtefactType="org.eclipse.cdt.build.core.buildArtefactType.exe" buildProperties="org.eclipse.cdt.build.core.buildArtefactType=org.eclipse.cdt.build.core.buildArtefactType.exe,org.eclipse.cdt.build.core.buildType=org.eclipse.cdt.build.core.buildType.debug" cleanCommand="rm -rf" description="" id="xilinx.gnu.mb.exe.debug.1556046307" name="Debug" parent="xilinx.gnu.mb.exe.debug">
					<folderInfo id="xilinx.gnu.mb.exe.debug.1556046307." name="/" resourcePath="">
						<toolChain id="xilinx.gnu.mb.exe.debug.toolchain.1440230976" name="Xilinx MicroBlaze GNU Toolchain" superClass="xilinx.gnu.mb.exe.debug.toolchain">
							<targetPlatform binaryParser="com.xilinx.sdk.managedbuilder.XELF.mb" id="xilinx.mb.target.gnu.base.debug.536033609" isAbstract="false" name="Debug Platform" superClass="xilinx.mb.target.gnu.base.debug"/>
							<builder buildPath="${workspace_loc:/driver_HDMI}/Debug" enableAutoBuild="true" id="xilinx.gnu.mb.toolchain.builder.debug.2070850341" keepEnvironmentInBuildfile="false" managedBuildOn="true" name="GNU make" superClass="xilinx.gnu.mb.toolchain.builder.debug"/>
							<tool id="xilinx.gnu.mb.c.toolchain.assembler.debug.1135780779" name="MicroBlaze gcc assembler" superClass="xilinx.gnu.mb.c.toolchain.assembler.debug">
								<option id="xilinx.gnu.mb.assembler.usele.2096063115" name="Produce little endian code (-mlittle-endian)" superClass="xilinx.gnu.mb.assembler.usele" value="true" valueType="boolean"/>
								<inputType id="xilinx.gnu.assembler.input.709874737" superClass="xilinx.gnu.assembler.input"/>
							</tool>
							<tool id="xilinx.gnu.mb.c.toolchain.compiler.debug.621789701" name="MicroBlaze gcc compiler" superClass="xilinx.gnu.mb.c.toolchain.compiler.debug">
								<option defaultValue="gnu.c.optimization.level.none" id="xilinx.gnu.compiler.option.optimization.level.1940256996" name="Optimization Level" superClass="xilinx.gnu.compiler.option.optimization.level" valueType="enumerated"/>
								<option id="xilinx.gnu.compiler.option.debugging.level.1084914038" name="Debug Level" superClass="xilinx.gnu.compiler.option.debugging.level" value="gnu.c.debugging.level.max" valueType="enumerated"/>
								<option id="xilinx.gnu.mb.compiler.inferred.mbversion.532194991" name="MicroBlaze Version" superClass="xilinx.gnu.mb.compiler.inferred.mbversion" value="10.0" valueType="string"/>
								<option id="xilinx.gnu.mb.compiler.inferred.norelax.686571596" name="No relaxation (-Wl,--no-relax)" superClass="xilinx.gnu.mb.compiler.inferred.norelax" value="true" valueType="boolean"/>
								<option id="xilinx.gnu.mb.compiler.inferred.usele.908782376" name="Produce little endian code (-mlittle-endian)" superClass="xilinx.gnu.mb.compiler.inferred.usele" value="true" valueType="boolean"/>
								<option id="xilinx.gnu.mb.compiler.inferred.usebarrel.963696746" name="Use Barrel Shifter (-mxl-barrel-shift)" superClass="xilinx.gnu.mb.compiler.inferred.usebarrel" value="true" valueType="boolean"/>
								<option id="xilinx.gnu.mb.compiler.inferred.usepcmp.1462462736" name="Use Pattern Compare (-mxl-pattern-compare)" superClass="xilinx.gnu.mb.compiler.inferred.usepcmp" value="true" valueType="boolean"/>
								<option id="xilinx.gnu.mb.compiler.inferred.usediv.678838958" name="Use hardware divider (-mno-xl-soft-div)" superClass="xilinx.gnu.mb.compiler.inferred.usediv" value="true" valueType="boolean"/>
								<option id="xilinx.gnu.mb.compiler.inferred.mul.2054763092" name="Hardware Multiplier" superClass="xilinx.gnu.mb.compiler.inferred.mul" value="xilinx.gnu.mb.compiler.inferred.mul.64bit" valueType="enumerated"/>
								<option id="xilinx.gnu.compiler.inferred.swplatform.includes.1598744874" name="Software Platform Include Path" superClass="xilinx.gnu.compiler.inferred.swplatform.includes" valueType="includePath">
									<listOptionValue builtIn="false" value="../../standalone_mb_0/mb0/include"/>
								</option>
								<option id="xilinx.gnu.compiler.dircategory.includes.2111029701" name="Include Paths" superClass="xilinx.gnu.compiler.dircategory.includes" valueType="includePath">
									<listOptionValue builtIn="false" value="&quot;${workspace_loc:/${ProjName}/inc}&quot;"/>
								</option>
								<inputType id="xilinx.gnu.compiler.input.293443983" name="C source files" superClass="xilinx.gnu.compiler.input"/>
							</tool>
							<tool id="xilinx.gnu.mb.cxx.toolchain.compiler.debug.1417382895" name="MicroBlaze g++ compiler" superClass="xilinx.gnu.mb.cxx.toolchain.compiler.debug">
								<option defaultValue="gnu.c.optimization.level.none" id="xilinx.gnu.compiler.option.optimization.level.444645185" name="Optimization Level" superClass="xilinx.gnu.compiler.option.optimization.level" valueType="enumerated"/>
								<option id="xilinx.gnu.compiler.option.debugging.level.1980591921" name="Debug Level" superClass="xilinx.gnu.compiler.option.debugging.level" value="gnu.c.debugging.level.max" valueType="enumerated"/>
								<option id="xilinx.gnu.mb.compiler.inferred.mbversion.994512459" name="MicroBlaze Version" superClass="xilinx.gnu.mb.compiler.inferred.mbversion" value="10.0" valueType="string"/>
								<option id="xilinx.gnu.mb.compiler.inferred.norelax.474955463" name="No relaxation (-Wl,--no-relax)" superClass="xilinx.gnu.mb.compiler.inferred.norelax" value="true" valueType="boolean"/>
								<option id="xilinx.gnu.mb.compiler.inferred.usele.1930693551" name="Produce little endian code (-mlittle-endian)" superClass="xilinx.gnu.mb.compiler.inferred.usele" value="true" valueType="boolean"/>
								<option id="xilinx.gnu.mb.compiler.inferred.usebarrel.868185868" name="Use Barrel Shifter (-mxl-barrel-shift)" superClass="xilinx.gnu.mb.compiler.inferred.usebarrel" value="true" valueType="boolean"/>
								<option id="xilinx.gnu.mb.compiler.inferred.usepcmp.1788407611" name="Use Pattern Compare (-mxl-pattern-compare)" superClass="xilinx.gnu.mb.compiler.inferred.usepcmp" value="true" valueType="boolean"/>
								<option id="xilinx.gnu.mb.compiler.inferred.usediv.160226362" name="Use hardware divider (-mno-xl-soft-div)" superClass="xilinx.gnu.mb.compiler.inferred.usediv" value="true" valueType="boolean"/>
								<option id="xilinx.gnu.mb.compiler.inferred.mul.1296518241" name="Hardware Multiplier" superClass="xilinx.gnu.mb.compiler.inferred.mul" value="xilinx.gnu.mb.compiler.inferred.mul.64bit" valueType="enumerated"/>
								<option id="xilinx.gnu.compiler.inferred.swplatform.includes.1024796223" name="Software Platform Include Path" superClass="xilinx.gnu.compiler.inferred.swplatform.includes" valueType="includePath">
									<listOptionValue builtIn="false" value="../../standalone_mb_0/mb0/include"/>
								</option>
							</tool>
							<tool id="xilinx.gnu.mb.toolchain.archiver.756302503" name="MicroBlaze archiver" superClass="xilinx.gnu.mb.toolchain.archiver"/>
							<tool id="xilinx.gnu.mb.c.toolchain.linker.debug.1381017354" name="MicroBlaze gcc linker" superClass="xilinx.gnu.mb.c.toolchain.linker.debug">
								<option id="xilinx.gnu.mb.linker.inferred.mbversion.811254591" name="MicroBlaze Version" superClass="xilinx.gnu.mb.linker.inferred.mbversion" value="10.0" valueType="string"/>
								<option id="xilinx.gnu.mb.linker.inferred.norelax.611904162" name="No relaxation (-Wl,--no-relax)" superClass="xilinx.gnu.mb.linker.inferred.norelax" value="true" valueType="boolean"/>
								<option id="xilinx.gnu.mb.linker.inferred.usele.1604423277" name="Produce little endian artifacts (-mlittle-endian)" superClass="xilinx.gnu.mb.linker.inferred.usele" value="true" valueType="boolean"/>
								<option id="xilinx.gnu.mb.linker.inferred.usebarrel.1507754429" name="Use Barrel Shifter (-mxl-barrel-shift)" superClass="xilinx.gnu.mb.linker.inferred.usebarrel" value="true" valueType="boolean"/>
								<option id="xilinx.gnu.mb.linker.inferred.usepcmp.1475114328" name="Use Pattern Compare (-mxl-pattern-compare)" superClass="xilinx.gnu.mb.linker.inferred.usepcmp" value="true" valueType="boolean"/>
								<option id="xilinx.gnu.mb.linker.inferred.usediv.1588034585" name="Use hardware divider (-mno-xl-soft-div)" superClass="xilinx.gnu.mb.linker.inferred.usediv" value="true" valueType="boolean"/>
								<option id="xilinx.gnu.mb.linker.inferred.mul.133229692" name="Hardware Multiplier" superClass="xilinx.gnu.mb.linker.inferred.mul" value="xilinx.gnu.mb.linker.inferred.mul.64bit" valueType="enumerated"/>
								<option id="xilinx.gnu.linker.inferred.swplatform.lpath.407123617" name="Software Platform Library Path" superClass="xilinx.gnu.linker.inferred.swplatform.lpath" valueType="libPaths">
									<listOptionValue builtIn="false" value="../../standalone_mb_0/mb0/lib"/>
								</option>
								<option id="xilinx.gnu.linker.inferred.swplatform.flags.318692741" name="Software Platform Inferred Flags" superClass="xilinx.gnu.linker.inferred.swplatform.flags" valueType="libs">
									<listOptionValue builtIn="false" value="-Wl,--start-group,-lxil,-lgcc,-lc,--end-group"/>
								</option>
								<option id="xilinx.gnu.c.linker.option.lscript.12085262" name="Linker Script" superClass="xilinx.gnu.c.linker.option.lscript" value="../src/lscript.ld" valueType="string"/>
								<option id="xilinx.gnu.c.link.option.paths.376601820" name="Library search path (-L)" superClass="xilinx.gnu.c.link.option.paths" valueType="libPaths">
									<listOptionValue builtIn="false" value="&quot;${workspace_loc:/${ProjName}/lib}&quot;"/>
								</option>
								<option id="xilinx.gnu.c.link.option.libs.2013404244" name="Libraries (-l)" superClass="xilinx.gnu.c.link.option.libs" valueType="libs">
									<listOptionValue builtIn="false" value="HDMI_MicroBlazeLib"/>
								</option>
								<inputType id="xilinx.gnu.linker.input.79984196" superClass="xilinx.gnu.linker.input">
									<additionalInput kind="additionalinputdependency" paths="$(USER_OBJS)"/>
									<additionalInput kind="additionalinput" paths="$(LIBS)"/>
								</inputType>
								<inputType id="xilinx.gnu.linker.input.lscript.451294142" name="Linker Script" superClass="xilinx.gnu.linker.input.lscript"/>
							</tool>
							<tool id="xilinx.gnu.mb.cxx.toolchain.linker.debug.796990041" name="MicroBlaze g++ linker" superClass="xilinx.gnu.mb.cxx.toolchain.linker.debug">
								<option id="xilinx.gnu.mb.linker.inferred.mbversion.1059760912" name="MicroBlaze Version" superClass="xilinx.gnu.mb.linker.inferred.mbversion" value="10.0" valueType="string"/>
								<option id="xilinx.gnu.mb.linker.inferred.norelax.1488336842" name="No relaxation (-Wl,--no-relax)" superClass="xilinx.gnu.mb.linker.inferred.norelax" value="true" valueType="boolean"/>
								<option id="xilinx.gnu.mb.linker.inferred.usele.560988451" name="Produce little endian artifacts (-mlittle-endian)" superClass="xilinx.gnu.mb.linker.inferred.usele" value="true" valueType="boolean"/>
								<option id="xilinx.gnu.mb.linker.inferred.usebarrel.1254801412" name="Use Barrel Shifter (-mxl-barrel-shift)" superClass="xilinx.gnu.mb.linker.inferred.usebarrel" value="true" valueType="boolean"/>
								<option id="xilinx.gnu.mb.linker.inferred.usepcmp.477866812" name="Use Pattern Compare (-mxl-pattern-compare)" superClass="xilinx.gnu.mb.linker.inferred.usepcmp" value="true" valueType="boolean"/>
								<option id="xilinx.gnu.mb.linker.inferred.usediv.852055936" name="Use hardware divider (-mno-xl-soft-div)" superClass="xilinx.gnu.mb.linker.inferred.usediv" value="true" valueType="boolean"/>
								<option id="xilinx.gnu.mb.linker.inferred.mul.1009822759" name="Hardware Multiplier" superClass="xilinx.gnu.mb.linker.inferred.mul" value="xilinx.gnu.mb.linker.inferred.mul.64bit" valueType="enumerated"/>
								<option id="xilinx.gnu.linker.inferred.swplatform.lpath.205412099" name="Software Platform Library Path" superClass="xilinx.gnu.linker.inferred.swplatform.lpath" valueType="libPaths">
									<listOptionValue builtIn="false" value="../../standalone_mb_0/mb0/lib"/>
								</option>
								<option id="xilinx.gnu.linker.inferred.swplatform.flags.1188985096" name="Software Platform Inferred Flags" superClass="xilinx.gnu.linker.inferred.swplatform.flags" valueType="libs">
									<listOptionValue builtIn="false" value="-Wl,--start-group,-lxil,-lgcc,-lc,--end-group"/>
								</option>
								<option id="xilinx.gnu.c.linker.option.lscript.718762726" name="Linker Script" superClass="xilinx.gnu.c.linker.option.lscript" value="../src/lscript.ld" valueType="string"/>
							</tool>
							<tool id="xilinx.gnu.mb.size.debug.363939372" name="MicroBlaze Print Size" superClass="xilinx.gnu.mb.size.debug"/>
						</toolChain>
					</folderInfo>
				</configuration>
			</storageModule>
			<storageModule moduleId="org.eclipse.cdt.core.externalSettings"/>
		</cconfiguration>
		<cconfiguration id="xilinx.gnu.mb.exe.release.960604821">
			<storageModule buildSystemId="org.eclipse.cdt.managedbuilder.core.configurationDataProvider" id="xilinx.gnu.mb.exe.release.960604821" moduleId="org.eclipse.cdt.core.settings" name="Release">
				<externalSettings/>
				<extensions>
					<extension id="com.xilinx.sdk.managedbuilder.XELF.mb" point="org.eclipse.cdt.core.BinaryParser"/>
					<extension id="org.eclipse.cdt.core.GASErrorParser" point="org.eclipse.cdt.core.ErrorParser"/>
					<extension id="org.eclipse.cdt.core.GmakeErrorParser" point="org.eclipse.cdt.core.ErrorParser"/>
					<extension id="org.eclipse.cdt.core.GLDErrorParser" point="org.eclipse.cdt.core.ErrorParser"/>
					<extension id="org.eclipse.cdt.core.CWDLocator" point="org.eclipse.cdt.core.ErrorParser"/>
					<extension id="org.eclipse.cdt.core.GCCErrorParser" point="org.eclipse.cdt.core.ErrorParser"/>
				</extensions>
			</storageModule>
			<storageModule moduleId="cdtBuildSystem" version="4.0.0">
				<configuration artifactExtension="elf" artifactName="${ProjName}" buildArtefactType="org.eclipse.cdt.build.core.buildArtefactType.exe" buildProperties="org.eclipse.cdt.build.core.buildArtefactType=org.eclipse.cdt.build.core.buildArtefactType.exe,org.eclipse.cdt.build.core.buildType=org.eclipse.cdt.build.core.buildType.release" cleanCommand="rm -rf" description="" id="xilinx.gnu.mb.exe.release.960604821" name="Release" parent="xilinx.gnu.mb.exe.release">
					<folderInfo id="xilinx.gnu.mb.exe.release.960604821." name="/" resourcePath="">
						<toolChain id="xilinx.gnu.mb.exe.release.toolchain.1584939564" name="Xilinx MicroBlaze GNU Toolchain" superClass="xilinx.gnu.mb.exe.release.toolchain">
							<targetPlatform binaryParser="com.xilinx.sdk.managedbuilder.XELF.mb" id="xilinx.mb.target.gnu.base.release.515938664" isAbstract="false" name="Debug Platform" superClass="xilinx.mb.target.gnu.base.release"/>
							<builder buildPath="${workspace_loc:/driver_HDMI}/Release" enableAutoBuild="true" id="xilinx.gnu.mb.toolchain.builder.release.943923302" keepEnvironmentInBuildfile="false" managedBuildOn="true" name="GNU make" superClass="xilinx.gnu.mb.toolchain.builder.release"/>
							<tool id="xilinx.gnu.mb.c.toolchain.assembler.release.195259411" name="MicroBlaze gcc assembler" superClass="xilinx.gnu.mb.c.toolchain.assembler.release">
								<option id="xilinx.gnu.mb.assembler.usele.589719256" name="Produce little endian code (-mlittle-endian)" superClass="xilinx.gnu.mb.assembler.usele" value="true" valueType="boolean"/>
								<inputType id="xilinx.gnu.assembler.input.1774176793" superClass="xilinx.gnu.assembler.input"/>
							</tool>
							<tool id="xilinx.gnu.mb.c.toolchain.compiler.release.18409784" name="MicroBlaze gcc compiler" superClass="xilinx.gnu.mb.c.toolchain.compiler.release">
								<option defaultValue="gnu.c.optimization.level.more" id="xilinx.gnu.compiler.option.optimization.level.206589898" name="Optimization Level" superClass="xilinx.gnu.compiler.option.optimization.level" valueType="enumerated"/>
								<option id="xilinx.gnu.compiler.option.debugging.level.1453487475" name="Debug Level" superClass="xilinx.gnu.compiler.option.debugging.level" value="gnu.c.debugging.level.none" valueType="enumerated"/>
								<option id="xilinx.gnu.mb.compiler.inferred.mbversion.39012690" name="MicroBlaze Version" superClass="xilinx.gnu.mb.compiler.inferred.mbversion" value="10.0" valueType="string"/>
								<option id="xilinx.gnu.mb.compiler.inferred.norelax.1605920681" name="No relaxation (-Wl,--no-relax)" superClass="xilinx.gnu.mb.compiler.inferred.norelax" value="true" valueType="boolean"/>
								<option id="xilinx.gnu.mb.compiler.inferred.usele.1446946442" name="Produce little endian code (-mlittle-endian)" superClass="xilinx.gnu.mb.compiler.inferred.usele" value="true" valueType="boolean"/>
								<option id="xilinx.gnu.mb.compiler.inferred.usebarrel.782148110" name="Use Barrel Shifter (-mxl-barrel-shift)" superClass="xilinx.gnu.mb.compiler.inferred.usebarrel" value="true" valueType="boolean"/>
								<option id="xilinx.gnu.mb.compiler.inferred.usepcmp.1118952504" name="Use Pattern Compare (-mxl-pattern-compare)" superClass="xilinx.gnu.mb.compiler.inferred.usepcmp" value="true" valueType="boolean"/>
								<option id="xilinx.gnu.mb.compiler.inferred.usediv.1936265853" name="Use hardware divider (-mno-xl-soft-div)" superClass="xilinx.gnu.mb.compiler.inferred.usediv" value="true" valueType="boolean"/>
								<option id="xilinx.gnu.mb.compiler.inferred.mul.1738445691" name="Hardware Multiplier" superClass="xilinx.gnu.mb.compiler.inferred.mul" value="xilinx.gnu.mb.compiler.inferred.mul.64bit" valueType="enumerated"/>
								<option id="xilinx.gnu.compiler.inferred.swplatform.includes.25952598" name="Software Platform Include Path" superClass="xilinx.gnu.compiler.inferred.swplatform.includes" valueType="includePath">
									<listOptionValue builtIn="false" value="../../standalone_mb_0/mb0/include"/>
								</option>
								<inputType id="xilinx.gnu.compiler.input.643072260" name="C source files" superClass="xilinx.gnu.compiler.input"/>
							</tool>
							<tool id="xilinx.gnu.mb.cxx.toolchain.compiler.release.1685883169" name="MicroBlaze g++ compiler" superClass="xilinx.gnu.mb.cxx.toolchain.compiler.release">
								<option defaultValue="gnu.c.optimization.level.more" id="xilinx.gnu.compiler.option.optimization.level.1091393163" name="Optimization Level" superClass="xilinx.gnu.compiler.option.optimization.level" valueType="enumerated"/>
								<option id="xilinx.gnu.compiler.option.debugging.level.594788603" name="Debug Level" superClass="xilinx.gnu.compiler.option.debugging.level" value="gnu.c.debugging.level.none" valueType="enumerated"/>
								<option id="xilinx.gnu.mb.compiler.inferred.mbversion.1850833369" name="MicroBlaze Version" superClass="xilinx.gnu.mb.compiler.inferred.mbversion" value="10.0" valueType="string"/>
								<option id="xilinx.gnu.mb.compiler.inferred.norelax.527183270" name="No relaxation (-Wl,--no-relax)" superClass="xilinx.gnu.mb.compiler.inferred.norelax" value="true" valueType="boolean"/>
								<option id="xilinx.gnu.mb.compiler.inferred.usele.2132268179" name="Produce little endian code (-mlittle-endian)" superClass="xilinx.gnu.mb.compiler.inferred.usele" value="true" valueType="boolean"/>
								<option id="xilinx.gnu.mb.compiler.inferred.usebarrel.695717581" name="Use Barrel Shifter (-mxl-barrel-shift)" superClass="xilinx.gnu.mb.compiler.inferred.usebarrel" value="true" valueType="boolean"/>
								<option id="xilinx.gnu.mb.compiler.inferred.usepcmp.1232793103" name="Use Pattern Compare (-mxl-pattern-compare)" superClass="xilinx.gnu.mb.compiler.inferred.usepcmp" value="true" valueType="boolean"/>
								<option id="xilinx.gnu.mb.compiler.inferred.usediv.348806024" name="Use hardware divider (-mno-xl-soft-div)" superClass="xilinx.gnu.mb.compiler.inferred.usediv" value="true" valueType="boolean"/>
								<option id="xilinx.gnu.mb.compiler.inferred.mul.260213321" name="Hardware Multiplier" superClass="xilinx.gnu.mb.compiler.inferred.mul" value="xilinx.gnu.mb.compiler.inferred.mul.64bit" valueType="enumerated"/>
								<option id="xilinx.gnu.compiler.inferred.swplatform.includes.2106279154" name="Software Platform Include Path" superClass="xilinx.gnu.compiler.inferred.swplatform.includes" valueType="includePath">
									<listOptionValue builtIn="false" value="../../standalone_mb_0/mb0/include"/>
								</option>
							</tool>
							<tool id="xilinx.gnu.mb.toolchain.archiver.1369110971" name="MicroBlaze archiver" superClass="xilinx.gnu.mb.toolchain.archiver"/>
							<tool id="xilinx.gnu.mb.c.toolchain.linker.release.2070312052" name="MicroBlaze gcc linker" superClass="xilinx.gnu.mb.c.toolchain.linker.release">
								<option id="xilinx.gnu.mb.linker.inferred.mbversion.1859679585" name="MicroBlaze Version" superClass="xilinx.gnu.mb.linker.inferred.mbversion" value="10.0" valueType="string"/>
								<option id="xilinx.gnu.mb.linker.inferred.norelax.1675562871" name="No relaxation (-Wl,--no-relax)" superClass="xilinx.gnu.mb.linker.inferred.norelax" value="true" valueType="boolean"/>
								<option id="xilinx.gnu.mb.linker.inferred.usele.1625968374" name="Produce little endian artifacts (-mlittle-endian)" superClass="xilinx.gnu.mb.linker.inferred.usele" value="true" valueType="boolean"/>
								<option id="xilinx.gnu.mb.linker.inferred.usebarrel.497052323" name="Use Barrel Shifter (-mxl-barrel-shift)" superClass="xilinx.gnu.mb.linker.inferred.usebarrel" value="true" valueType="boolean"/>
								<option id="xilinx.gnu.mb.linker.inferred.usepcmp.1292659344" name="Use Pattern Compare (-mxl-pattern-compare)" superClass="xilinx.gnu.mb.linker.inferred.usepcmp" value="true" valueType="boolean"/>
								<option id="xilinx.gnu.mb.linker.inferred.usediv.1946597850" name="Use hardware divider (-mno-xl-soft-div)" superClass="xilinx.gnu.mb.linker.inferred.usediv" value="true" valueType="boolean"/>
								<option id="xilinx.gnu.mb.linker.inferred.mul.992608537" name="Hardware Multiplier" superClass="xilinx.gnu.mb.linker.inferred.mul" value="xilinx.gnu.mb.linker.inferred.mul.64bit" valueType="enumerated"/>
								<option id="xilinx.gnu.linker.inferred.swplatform.lpath.1051029155" name="Software Platform Library Path" superClass="xilinx.gnu.linker.inferred.swplatform.lpath" valueType="libPaths">
									<listOptionValue builtIn="false" value="../../standalone_mb_0/mb0/lib"/>
								</option>
								<option id="xilinx.gnu.linker.inferred.swplatform.flags.405827053" name="Software Platform Inferred Flags" superClass="xilinx.gnu.linker.inferred.swplatform.flags" valueType="libs">
									<listOptionValue builtIn="false" value="-Wl,--start-group,-lxil,-lgcc,-lc,--end-group"/>
								</option>
								<option id="xilinx.gnu.c.linker.option.lscript.1324051368" name="Linker Script" superClass="xilinx.gnu.c.linker.option.lscript" value="../src/lscript.ld" valueType="string"/>
								<inputType id="xilinx.gnu.linker.input.1407437573" superClass="xilinx.gnu.linker.input">
									<additionalInput kind="additionalinputdependency" paths="$(USER_OBJS)"/>
									<additionalInput kind="additionalinput" paths="$(LIBS)"/>
								</inputType>
								<inputType id="xilinx.gnu.linker.input.lscript.1362409960" name="Linker Script" superClass="xilinx.gnu.linker.input.lscript"/>
							</tool>
							<tool id="xilinx.gnu.mb.cxx.toolchain.linker.release.723420900" name="MicroBlaze g++ linker" superClass="xilinx.gnu.mb.cxx.toolchain.linker.release">
								<option id="xilinx.gnu.mb.linker.inferred.mbversion.272144200" name="MicroBlaze Version" superClass="xilinx.gnu.mb.linker.inferred.mbversion" value="10.0" valueType="string"/>
								<option id="xilinx.gnu.mb.linker.inferred.norelax.543165093" name="No relaxation (-Wl,--no-relax)" superClass="xilinx.gnu.mb.linker.inferred.norelax" value="true" valueType="boolean"/>
								<option id="xilinx.gnu.mb.linker.inferred.usele.1867587490" name="Produce little endian artifacts (-mlittle-endian)" superClass="xilinx.gnu.mb.linker.inferred.usele" value="true" valueType="boolean"/>
								<option id="xilinx.gnu.mb.linker.inferred.usebarrel.1530752026" name="Use Barrel Shifter (-mxl-barrel-shift)" superClass="xilinx.gnu.mb.linker.inferred.usebarrel" value="true" valueType="boolean"/>
								<option id="xilinx.gnu.mb.linker.inferred.usepcmp.1812307650" name="Use Pattern Compare (-mxl-pattern-compare)" superClass="xilinx.gnu.mb.linker.inferred.usepcmp" value="true" valueType="boolean"/>
								<option id="xilinx.gnu.mb.linker.inferred.usediv.1559232705" name="Use hardware divider (-mno-xl-soft-div)" superClass="xilinx.gnu.mb.linker.inferred.usediv" value="true" valueType="boolean"/>
								<option id="xilinx.gnu.mb.linker.inferred.mul.640305010" name="Hardware Multiplier" superClass="xilinx.gnu.mb.linker.inferred.mul" value="xilinx.gnu.mb.linker.inferred.mul.64bit" valueType="enumerated"/>
								<option id="xilinx.gnu.linker.inferred.swplatform.lpath.1669742546" name="Software Platform Library Path" superClass="xilinx.gnu.linker.inferred.swplatform.lpath" valueType="libPaths">
									<listOptionValue builtIn="false" value="../../standalone_mb_0/mb0/lib"/>
								</option>
								<option id="xilinx.gnu.linker.inferred.swplatform.flags.631146085" name="Software Platform Inferred Flags" superClass="xilinx.gnu.linker.inferred.swplatform.flags" valueType="libs">
									<listOptionValue builtIn="false" value="-Wl,--start-group,-lxil,-lgcc,-lc,--end-group"/>
								</option>
								<option id="xilinx.gnu.c.linker.option.lscript.345814353" name="Linker Script" superClass="xilinx.gnu.c.linker.option.lscript" value="../src/lscript.ld" valueType="string"/>
							</tool>
							<tool id="xilinx.gnu.mb.size.release.95805823" name="MicroBlaze Print Size" superClass="xilinx.gnu.mb.size.release"/>
						</toolChain>
					</folderInfo>
				</configuration>
			</storageModule>
			<storageModule moduleId="org.eclipse.cdt.core.externalSettings"/>
		</cconfiguration>
	</storageModule>
	<storageModule moduleId="org.eclipse.cdt.core.LanguageSettingsProviders"/>
	<storageModule moduleId="cdtBuildSystem" version="4.0.0">
		<project id="driver_HDMI.xilinx.gnu.mb.exe.901119790" name="Xilinx MicroBlaze Executable" projectType="xilinx.gnu.mb.exe"/>
	</storageModule>
	<storageModule moduleId="scannerConfiguration">
		<autodiscovery enabled="true" problemReportingEnabled="true" selectedProfileId=""/>
		<scannerConfigBuildInfo instanceId="xilinx.gnu.mb.exe.debug.1556046307;xilinx.gnu.mb.exe.debug.1556046307.;xilinx.gnu.mb.c.toolchain.compiler.debug.621789701;xilinx.gnu.compiler.input.293443983">
			<autodiscovery enabled="true" problemReportingEnabled="true" selectedProfileId="com.xilinx.managedbuilder.ui.MBGCCManagedMakePerProjectProfileC"/>
		</scannerConfigBuildInfo>
		<scannerConfigBuildInfo instanceId="xilinx.gnu.mb.exe.release.960604821;xilinx.gnu.mb.exe.release.960604821.">
			<autodiscovery enabled="true" problemReportingEnabled="true" selectedProfileId="com.xilinx.managedbuilder.ui.MBGCCManagedMakePerProjectProfileC"/>
		</scannerConfigBuildInfo>
		<scannerConfigBuildInfo instanceId="xilinx.gnu.mb.exe.debug.1556046307;xilinx.gnu.mb.exe.debug.1556046307.">
			<autodiscovery enabled="true" problemReportingEnabled="true" selectedProfileId="com.xilinx.managedbuilder.ui.MBGCCManagedMakePerProjectProfileC"/>
		</scannerConfigBuildInfo>
		<scannerConfigBuildInfo instanceId="xilinx.gnu.mb.exe.release.960604821;xilinx.gnu.mb.exe.release.960604821.;xilinx.gnu.mb.c.toolchain.compiler.release.18409784;xilinx.gnu.compiler.input.643072260">
			<autodiscovery enabled="true" problemReportingEnabled="true" selectedProfileId="com.xilinx.managedbuilder.ui.MBGCCManagedMakePerProjectProfileC"/>
		</scannerConfigBuildInfo>
	</storageModule>
	<storageModule moduleId="refreshScope"/>
	<storageModule moduleId="org.eclipse.cdt.internal.ui.text.commentOwnerProjectMappings"/>
</cproject>
