<?xml version="1.0" encoding="UTF-8" standalone="no"?>
<?fileVersion 4.0.0?><cproject storage_type_id="org.eclipse.cdt.core.XmlProjectDescriptionStorage">
	<storageModule moduleId="org.eclipse.cdt.core.settings">
		<cconfiguration id="org.eclipse.cdt.core.default.config.451287641">
			<storageModule buildSystemId="org.eclipse.cdt.core.defaultConfigDataProvider" id="org.eclipse.cdt.core.default.config.451287641" moduleId="org.eclipse.cdt.core.settings" name="Configuration">
				<externalSettings/>
				<extensions/>
			</storageModule>
			<storageModule moduleId="org.eclipse.cdt.core.externalSettings"/>
		</cconfiguration>
	</storageModule>
	<storageModule moduleId="org.eclipse.cdt.core.LanguageSettingsProviders"/>
</cproject>
