<?xml version="1.0" encoding="UTF-8" standalone="no"?>
<?fileVersion 4.0.0?><cproject storage_type_id="org.eclipse.cdt.core.XmlProjectDescriptionStorage">
	<storageModule moduleId="org.eclipse.cdt.core.settings">
		<cconfiguration id="xilinx.gnu.mb.exe.debug.207557157">
			<storageModule buildSystemId="org.eclipse.cdt.managedbuilder.core.configurationDataProvider" id="xilinx.gnu.mb.exe.debug.207557157" moduleId="org.eclipse.cdt.core.settings" name="Debug">
				<externalSettings/>
				<extensions>
					<extension id="com.xilinx.sdk.managedbuilder.XELF.mb" point="org.eclipse.cdt.core.BinaryParser"/>
					<extension id="org.eclipse.cdt.core.GASErrorParser" point="org.eclipse.cdt.core.ErrorParser"/>
					<extension id="org.eclipse.cdt.core.GmakeErrorParser" point="org.eclipse.cdt.core.ErrorParser"/>
					<extension id="org.eclipse.cdt.core.GLDErrorParser" point="org.eclipse.cdt.core.ErrorParser"/>
					<extension id="org.eclipse.cdt.core.CWDLocator" point="org.eclipse.cdt.core.ErrorParser"/>
					<extension id="org.eclipse.cdt.core.GCCErrorParser" point="org.eclipse.cdt.core.ErrorParser"/>
				</extensions>
			</storageModule>
			<storageModule moduleId="cdtBuildSystem" version="4.0.0">
				<configuration artifactExtension="elf" artifactName="${ProjName}" buildArtefactType="org.eclipse.cdt.build.core.buildArtefactType.exe" buildProperties="org.eclipse.cdt.build.core.buildArtefactType=org.eclipse.cdt.build.core.buildArtefactType.exe,org.eclipse.cdt.build.core.buildType=org.eclipse.cdt.build.core.buildType.debug" cleanCommand="rm -rf" description="" id="xilinx.gnu.mb.exe.debug.207557157" name="Debug" parent="xilinx.gnu.mb.exe.debug">
					<folderInfo id="xilinx.gnu.mb.exe.debug.207557157." name="/" resourcePath="">
						<toolChain id="xilinx.gnu.mb.exe.debug.toolchain.1536694783" name="Xilinx MicroBlaze GNU Toolchain" superClass="xilinx.gnu.mb.exe.debug.toolchain">
							<targetPlatform binaryParser="com.xilinx.sdk.managedbuilder.XELF.mb" id="xilinx.mb.target.gnu.base.debug.330887162" isAbstract="false" name="Debug Platform" superClass="xilinx.mb.target.gnu.base.debug"/>
							<builder buildPath="${workspace_loc:/test_RTOS}/Debug" enableAutoBuild="true" id="xilinx.gnu.mb.toolchain.builder.debug.375402718" keepEnvironmentInBuildfile="false" managedBuildOn="true" name="GNU make" superClass="xilinx.gnu.mb.toolchain.builder.debug"/>
							<tool id="xilinx.gnu.mb.c.toolchain.assembler.debug.126099886" name="MicroBlaze gcc assembler" superClass="xilinx.gnu.mb.c.toolchain.assembler.debug">
								<option id="xilinx.gnu.mb.assembler.usele.596846701" name="Produce little endian code (-mlittle-endian)" superClass="xilinx.gnu.mb.assembler.usele" value="true" valueType="boolean"/>
								<inputType id="xilinx.gnu.assembler.input.926362233" superClass="xilinx.gnu.assembler.input"/>
							</tool>
							<tool id="xilinx.gnu.mb.c.toolchain.compiler.debug.1464872343" name="MicroBlaze gcc compiler" superClass="xilinx.gnu.mb.c.toolchain.compiler.debug">
								<option defaultValue="gnu.c.optimization.level.none" id="xilinx.gnu.compiler.option.optimization.level.192455429" name="Optimization Level" superClass="xilinx.gnu.compiler.option.optimization.level" valueType="enumerated"/>
								<option id="xilinx.gnu.compiler.option.debugging.level.790835196" name="Debug Level" superClass="xilinx.gnu.compiler.option.debugging.level" value="gnu.c.debugging.level.max" valueType="enumerated"/>
								<option id="xilinx.gnu.mb.compiler.inferred.mbversion.622242780" name="MicroBlaze Version" superClass="xilinx.gnu.mb.compiler.inferred.mbversion" value="10.0" valueType="string"/>
								<option id="xilinx.gnu.mb.compiler.inferred.norelax.237736975" name="No relaxation (-Wl,--no-relax)" superClass="xilinx.gnu.mb.compiler.inferred.norelax" value="true" valueType="boolean"/>
								<option id="xilinx.gnu.mb.compiler.inferred.usele.779502547" name="Produce little endian code (-mlittle-endian)" superClass="xilinx.gnu.mb.compiler.inferred.usele" value="true" valueType="boolean"/>
								<option id="xilinx.gnu.mb.compiler.inferred.usebarrel.1846272070" name="Use Barrel Shifter (-mxl-barrel-shift)" superClass="xilinx.gnu.mb.compiler.inferred.usebarrel" value="true" valueType="boolean"/>
								<option id="xilinx.gnu.mb.compiler.inferred.usepcmp.673402884" name="Use Pattern Compare (-mxl-pattern-compare)" superClass="xilinx.gnu.mb.compiler.inferred.usepcmp" value="true" valueType="boolean"/>
								<option id="xilinx.gnu.mb.compiler.inferred.usediv.1834406089" name="Use hardware divider (-mno-xl-soft-div)" superClass="xilinx.gnu.mb.compiler.inferred.usediv" value="true" valueType="boolean"/>
								<option id="xilinx.gnu.mb.compiler.inferred.mul.62893820" name="Hardware Multiplier" superClass="xilinx.gnu.mb.compiler.inferred.mul" value="xilinx.gnu.mb.compiler.inferred.mul.64bit" valueType="enumerated"/>
								<option id="xilinx.gnu.compiler.inferred.swplatform.includes.1186563259" name="Software Platform Include Path" superClass="xilinx.gnu.compiler.inferred.swplatform.includes" valueType="includePath">
									<listOptionValue builtIn="false" value="../../freertos_mb_1/mb1/include"/>
								</option>
								<inputType id="xilinx.gnu.compiler.input.1219382081" name="C source files" superClass="xilinx.gnu.compiler.input"/>
							</tool>
							<tool id="xilinx.gnu.mb.cxx.toolchain.compiler.debug.1613510918" name="MicroBlaze g++ compiler" superClass="xilinx.gnu.mb.cxx.toolchain.compiler.debug">
								<option defaultValue="gnu.c.optimization.level.none" id="xilinx.gnu.compiler.option.optimization.level.2127493673" name="Optimization Level" superClass="xilinx.gnu.compiler.option.optimization.level" valueType="enumerated"/>
								<option id="xilinx.gnu.compiler.option.debugging.level.1755680177" name="Debug Level" superClass="xilinx.gnu.compiler.option.debugging.level" value="gnu.c.debugging.level.max" valueType="enumerated"/>
								<option id="xilinx.gnu.mb.compiler.inferred.mbversion.562653114" name="MicroBlaze Version" superClass="xilinx.gnu.mb.compiler.inferred.mbversion" value="10.0" valueType="string"/>
								<option id="xilinx.gnu.mb.compiler.inferred.norelax.522695669" name="No relaxation (-Wl,--no-relax)" superClass="xilinx.gnu.mb.compiler.inferred.norelax" value="true" valueType="boolean"/>
								<option id="xilinx.gnu.mb.compiler.inferred.usele.1529263314" name="Produce little endian code (-mlittle-endian)" superClass="xilinx.gnu.mb.compiler.inferred.usele" value="true" valueType="boolean"/>
								<option id="xilinx.gnu.mb.compiler.inferred.usebarrel.1311875877" name="Use Barrel Shifter (-mxl-barrel-shift)" superClass="xilinx.gnu.mb.compiler.inferred.usebarrel" value="true" valueType="boolean"/>
								<option id="xilinx.gnu.mb.compiler.inferred.usepcmp.515545283" name="Use Pattern Compare (-mxl-pattern-compare)" superClass="xilinx.gnu.mb.compiler.inferred.usepcmp" value="true" valueType="boolean"/>
								<option id="xilinx.gnu.mb.compiler.inferred.usediv.1343244698" name="Use hardware divider (-mno-xl-soft-div)" superClass="xilinx.gnu.mb.compiler.inferred.usediv" value="true" valueType="boolean"/>
								<option id="xilinx.gnu.mb.compiler.inferred.mul.600555194" name="Hardware Multiplier" superClass="xilinx.gnu.mb.compiler.inferred.mul" value="xilinx.gnu.mb.compiler.inferred.mul.64bit" valueType="enumerated"/>
								<option id="xilinx.gnu.compiler.inferred.swplatform.includes.2059931261" name="Software Platform Include Path" superClass="xilinx.gnu.compiler.inferred.swplatform.includes" valueType="includePath">
									<listOptionValue builtIn="false" value="../../freertos_mb_1/mb1/include"/>
								</option>
							</tool>
							<tool id="xilinx.gnu.mb.toolchain.archiver.1360318572" name="MicroBlaze archiver" superClass="xilinx.gnu.mb.toolchain.archiver"/>
							<tool id="xilinx.gnu.mb.c.toolchain.linker.debug.1238145786" name="MicroBlaze gcc linker" superClass="xilinx.gnu.mb.c.toolchain.linker.debug">
								<option id="xilinx.gnu.mb.linker.inferred.mbversion.272443580" name="MicroBlaze Version" superClass="xilinx.gnu.mb.linker.inferred.mbversion" value="10.0" valueType="string"/>
								<option id="xilinx.gnu.mb.linker.inferred.norelax.1532490038" name="No relaxation (-Wl,--no-relax)" superClass="xilinx.gnu.mb.linker.inferred.norelax" value="true" valueType="boolean"/>
								<option id="xilinx.gnu.mb.linker.inferred.usele.1682214910" name="Produce little endian artifacts (-mlittle-endian)" superClass="xilinx.gnu.mb.linker.inferred.usele" value="true" valueType="boolean"/>
								<option id="xilinx.gnu.mb.linker.inferred.usebarrel.1309196455" name="Use Barrel Shifter (-mxl-barrel-shift)" superClass="xilinx.gnu.mb.linker.inferred.usebarrel" value="true" valueType="boolean"/>
								<option id="xilinx.gnu.mb.linker.inferred.usepcmp.1315699978" name="Use Pattern Compare (-mxl-pattern-compare)" superClass="xilinx.gnu.mb.linker.inferred.usepcmp" value="true" valueType="boolean"/>
								<option id="xilinx.gnu.mb.linker.inferred.usediv.1651860999" name="Use hardware divider (-mno-xl-soft-div)" superClass="xilinx.gnu.mb.linker.inferred.usediv" value="true" valueType="boolean"/>
								<option id="xilinx.gnu.mb.linker.inferred.mul.672435679" name="Hardware Multiplier" superClass="xilinx.gnu.mb.linker.inferred.mul" value="xilinx.gnu.mb.linker.inferred.mul.64bit" valueType="enumerated"/>
								<option id="xilinx.gnu.linker.inferred.swplatform.lpath.193022402" name="Software Platform Library Path" superClass="xilinx.gnu.linker.inferred.swplatform.lpath" valueType="libPaths">
									<listOptionValue builtIn="false" value="../../freertos_mb_1/mb1/lib"/>
								</option>
								<option id="xilinx.gnu.linker.inferred.swplatform.flags.931276242" name="Software Platform Inferred Flags" superClass="xilinx.gnu.linker.inferred.swplatform.flags" valueType="libs">
									<listOptionValue builtIn="false" value="-Wl,--start-group,-lxil,-lfreertos,-lgcc,-lc,--end-group"/>
								</option>
								<option id="xilinx.gnu.c.linker.option.lscript.357725804" name="Linker Script" superClass="xilinx.gnu.c.linker.option.lscript" value="../src/lscript.ld" valueType="string"/>
								<inputType id="xilinx.gnu.linker.input.73624853" superClass="xilinx.gnu.linker.input">
									<additionalInput kind="additionalinputdependency" paths="$(USER_OBJS)"/>
									<additionalInput kind="additionalinput" paths="$(LIBS)"/>
								</inputType>
								<inputType id="xilinx.gnu.linker.input.lscript.1191922123" name="Linker Script" superClass="xilinx.gnu.linker.input.lscript"/>
							</tool>
							<tool id="xilinx.gnu.mb.cxx.toolchain.linker.debug.2116064525" name="MicroBlaze g++ linker" superClass="xilinx.gnu.mb.cxx.toolchain.linker.debug">
								<option id="xilinx.gnu.mb.linker.inferred.mbversion.333688826" name="MicroBlaze Version" superClass="xilinx.gnu.mb.linker.inferred.mbversion" value="10.0" valueType="string"/>
								<option id="xilinx.gnu.mb.linker.inferred.norelax.381573427" name="No relaxation (-Wl,--no-relax)" superClass="xilinx.gnu.mb.linker.inferred.norelax" value="true" valueType="boolean"/>
								<option id="xilinx.gnu.mb.linker.inferred.usele.911980225" name="Produce little endian artifacts (-mlittle-endian)" superClass="xilinx.gnu.mb.linker.inferred.usele" value="true" valueType="boolean"/>
								<option id="xilinx.gnu.mb.linker.inferred.usebarrel.2087235448" name="Use Barrel Shifter (-mxl-barrel-shift)" superClass="xilinx.gnu.mb.linker.inferred.usebarrel" value="true" valueType="boolean"/>
								<option id="xilinx.gnu.mb.linker.inferred.usepcmp.1531687336" name="Use Pattern Compare (-mxl-pattern-compare)" superClass="xilinx.gnu.mb.linker.inferred.usepcmp" value="true" valueType="boolean"/>
								<option id="xilinx.gnu.mb.linker.inferred.usediv.449099463" name="Use hardware divider (-mno-xl-soft-div)" superClass="xilinx.gnu.mb.linker.inferred.usediv" value="true" valueType="boolean"/>
								<option id="xilinx.gnu.mb.linker.inferred.mul.128897347" name="Hardware Multiplier" superClass="xilinx.gnu.mb.linker.inferred.mul" value="xilinx.gnu.mb.linker.inferred.mul.64bit" valueType="enumerated"/>
								<option id="xilinx.gnu.linker.inferred.swplatform.lpath.1410514014" name="Software Platform Library Path" superClass="xilinx.gnu.linker.inferred.swplatform.lpath" valueType="libPaths">
									<listOptionValue builtIn="false" value="../../freertos_mb_1/mb1/lib"/>
								</option>
								<option id="xilinx.gnu.linker.inferred.swplatform.flags.601013429" name="Software Platform Inferred Flags" superClass="xilinx.gnu.linker.inferred.swplatform.flags" valueType="libs">
									<listOptionValue builtIn="false" value="-Wl,--start-group,-lxil,-lfreertos,-lgcc,-lc,--end-group"/>
								</option>
								<option id="xilinx.gnu.c.linker.option.lscript.1291647805" name="Linker Script" superClass="xilinx.gnu.c.linker.option.lscript" value="../src/lscript.ld" valueType="string"/>
							</tool>
							<tool id="xilinx.gnu.mb.size.debug.1226825657" name="MicroBlaze Print Size" superClass="xilinx.gnu.mb.size.debug"/>
						</toolChain>
					</folderInfo>
					<sourceEntries>
						<entry excluding="src/main_dinosaur.c|src/dinosaur_mb1.c" flags="VALUE_WORKSPACE_PATH|RESOLVED" kind="sourcePath" name=""/>
					</sourceEntries>
				</configuration>
			</storageModule>
			<storageModule moduleId="org.eclipse.cdt.core.externalSettings"/>
		</cconfiguration>
		<cconfiguration id="xilinx.gnu.mb.exe.release.2053148616">
			<storageModule buildSystemId="org.eclipse.cdt.managedbuilder.core.configurationDataProvider" id="xilinx.gnu.mb.exe.release.2053148616" moduleId="org.eclipse.cdt.core.settings" name="Release">
				<externalSettings/>
				<extensions>
					<extension id="com.xilinx.sdk.managedbuilder.XELF.mb" point="org.eclipse.cdt.core.BinaryParser"/>
					<extension id="org.eclipse.cdt.core.GASErrorParser" point="org.eclipse.cdt.core.ErrorParser"/>
					<extension id="org.eclipse.cdt.core.GmakeErrorParser" point="org.eclipse.cdt.core.ErrorParser"/>
					<extension id="org.eclipse.cdt.core.GLDErrorParser" point="org.eclipse.cdt.core.ErrorParser"/>
					<extension id="org.eclipse.cdt.core.CWDLocator" point="org.eclipse.cdt.core.ErrorParser"/>
					<extension id="org.eclipse.cdt.core.GCCErrorParser" point="org.eclipse.cdt.core.ErrorParser"/>
				</extensions>
			</storageModule>
			<storageModule moduleId="cdtBuildSystem" version="4.0.0">
				<configuration artifactExtension="elf" artifactName="${ProjName}" buildArtefactType="org.eclipse.cdt.build.core.buildArtefactType.exe" buildProperties="org.eclipse.cdt.build.core.buildArtefactType=org.eclipse.cdt.build.core.buildArtefactType.exe,org.eclipse.cdt.build.core.buildType=org.eclipse.cdt.build.core.buildType.release" cleanCommand="rm -rf" description="" id="xilinx.gnu.mb.exe.release.2053148616" name="Release" parent="xilinx.gnu.mb.exe.release">
					<folderInfo id="xilinx.gnu.mb.exe.release.2053148616." name="/" resourcePath="">
						<toolChain id="xilinx.gnu.mb.exe.release.toolchain.956072617" name="Xilinx MicroBlaze GNU Toolchain" superClass="xilinx.gnu.mb.exe.release.toolchain">
							<targetPlatform binaryParser="com.xilinx.sdk.managedbuilder.XELF.mb" id="xilinx.mb.target.gnu.base.release.1175129531" isAbstract="false" name="Debug Platform" superClass="xilinx.mb.target.gnu.base.release"/>
							<builder buildPath="${workspace_loc:/test_RTOS}/Release" enableAutoBuild="true" id="xilinx.gnu.mb.toolchain.builder.release.813982338" keepEnvironmentInBuildfile="false" managedBuildOn="true" name="GNU make" superClass="xilinx.gnu.mb.toolchain.builder.release"/>
							<tool id="xilinx.gnu.mb.c.toolchain.assembler.release.949082977" name="MicroBlaze gcc assembler" superClass="xilinx.gnu.mb.c.toolchain.assembler.release">
								<option id="xilinx.gnu.mb.assembler.usele.653635509" name="Produce little endian code (-mlittle-endian)" superClass="xilinx.gnu.mb.assembler.usele" value="true" valueType="boolean"/>
								<inputType id="xilinx.gnu.assembler.input.1406055905" superClass="xilinx.gnu.assembler.input"/>
							</tool>
							<tool id="xilinx.gnu.mb.c.toolchain.compiler.release.958703670" name="MicroBlaze gcc compiler" superClass="xilinx.gnu.mb.c.toolchain.compiler.release">
								<option defaultValue="gnu.c.optimization.level.more" id="xilinx.gnu.compiler.option.optimization.level.1376920017" name="Optimization Level" superClass="xilinx.gnu.compiler.option.optimization.level" valueType="enumerated"/>
								<option id="xilinx.gnu.compiler.option.debugging.level.1245721020" name="Debug Level" superClass="xilinx.gnu.compiler.option.debugging.level" value="gnu.c.debugging.level.none" valueType="enumerated"/>
								<option id="xilinx.gnu.mb.compiler.inferred.mbversion.948311" name="MicroBlaze Version" superClass="xilinx.gnu.mb.compiler.inferred.mbversion" value="10.0" valueType="string"/>
								<option id="xilinx.gnu.mb.compiler.inferred.norelax.1647031392" name="No relaxation (-Wl,--no-relax)" superClass="xilinx.gnu.mb.compiler.inferred.norelax" value="true" valueType="boolean"/>
								<option id="xilinx.gnu.mb.compiler.inferred.usele.1344764464" name="Produce little endian code (-mlittle-endian)" superClass="xilinx.gnu.mb.compiler.inferred.usele" value="true" valueType="boolean"/>
								<option id="xilinx.gnu.mb.compiler.inferred.usebarrel.1550312528" name="Use Barrel Shifter (-mxl-barrel-shift)" superClass="xilinx.gnu.mb.compiler.inferred.usebarrel" value="true" valueType="boolean"/>
								<option id="xilinx.gnu.mb.compiler.inferred.usepcmp.541666866" name="Use Pattern Compare (-mxl-pattern-compare)" superClass="xilinx.gnu.mb.compiler.inferred.usepcmp" value="true" valueType="boolean"/>
								<option id="xilinx.gnu.mb.compiler.inferred.usediv.2135327999" name="Use hardware divider (-mno-xl-soft-div)" superClass="xilinx.gnu.mb.compiler.inferred.usediv" value="true" valueType="boolean"/>
								<option id="xilinx.gnu.mb.compiler.inferred.mul.1621589954" name="Hardware Multiplier" superClass="xilinx.gnu.mb.compiler.inferred.mul" value="xilinx.gnu.mb.compiler.inferred.mul.64bit" valueType="enumerated"/>
								<option id="xilinx.gnu.compiler.inferred.swplatform.includes.141974635" name="Software Platform Include Path" superClass="xilinx.gnu.compiler.inferred.swplatform.includes" valueType="includePath">
									<listOptionValue builtIn="false" value="../../freertos_mb_1/mb1/include"/>
								</option>
								<inputType id="xilinx.gnu.compiler.input.601721461" name="C source files" superClass="xilinx.gnu.compiler.input"/>
							</tool>
							<tool id="xilinx.gnu.mb.cxx.toolchain.compiler.release.2087838886" name="MicroBlaze g++ compiler" superClass="xilinx.gnu.mb.cxx.toolchain.compiler.release">
								<option defaultValue="gnu.c.optimization.level.more" id="xilinx.gnu.compiler.option.optimization.level.1889842066" name="Optimization Level" superClass="xilinx.gnu.compiler.option.optimization.level" valueType="enumerated"/>
								<option id="xilinx.gnu.compiler.option.debugging.level.1492638745" name="Debug Level" superClass="xilinx.gnu.compiler.option.debugging.level" value="gnu.c.debugging.level.none" valueType="enumerated"/>
								<option id="xilinx.gnu.mb.compiler.inferred.mbversion.1225442354" name="MicroBlaze Version" superClass="xilinx.gnu.mb.compiler.inferred.mbversion" value="10.0" valueType="string"/>
								<option id="xilinx.gnu.mb.compiler.inferred.norelax.2014000499" name="No relaxation (-Wl,--no-relax)" superClass="xilinx.gnu.mb.compiler.inferred.norelax" value="true" valueType="boolean"/>
								<option id="xilinx.gnu.mb.compiler.inferred.usele.40334764" name="Produce little endian code (-mlittle-endian)" superClass="xilinx.gnu.mb.compiler.inferred.usele" value="true" valueType="boolean"/>
								<option id="xilinx.gnu.mb.compiler.inferred.usebarrel.502033538" name="Use Barrel Shifter (-mxl-barrel-shift)" superClass="xilinx.gnu.mb.compiler.inferred.usebarrel" value="true" valueType="boolean"/>
								<option id="xilinx.gnu.mb.compiler.inferred.usepcmp.1738385827" name="Use Pattern Compare (-mxl-pattern-compare)" superClass="xilinx.gnu.mb.compiler.inferred.usepcmp" value="true" valueType="boolean"/>
								<option id="xilinx.gnu.mb.compiler.inferred.usediv.1730237050" name="Use hardware divider (-mno-xl-soft-div)" superClass="xilinx.gnu.mb.compiler.inferred.usediv" value="true" valueType="boolean"/>
								<option id="xilinx.gnu.mb.compiler.inferred.mul.1346796942" name="Hardware Multiplier" superClass="xilinx.gnu.mb.compiler.inferred.mul" value="xilinx.gnu.mb.compiler.inferred.mul.64bit" valueType="enumerated"/>
								<option id="xilinx.gnu.compiler.inferred.swplatform.includes.1268933675" name="Software Platform Include Path" superClass="xilinx.gnu.compiler.inferred.swplatform.includes" valueType="includePath">
									<listOptionValue builtIn="false" value="../../freertos_mb_1/mb1/include"/>
								</option>
							</tool>
							<tool id="xilinx.gnu.mb.toolchain.archiver.332860684" name="MicroBlaze archiver" superClass="xilinx.gnu.mb.toolchain.archiver"/>
							<tool id="xilinx.gnu.mb.c.toolchain.linker.release.1235818429" name="MicroBlaze gcc linker" superClass="xilinx.gnu.mb.c.toolchain.linker.release">
								<option id="xilinx.gnu.mb.linker.inferred.mbversion.1035795596" name="MicroBlaze Version" superClass="xilinx.gnu.mb.linker.inferred.mbversion" value="10.0" valueType="string"/>
								<option id="xilinx.gnu.mb.linker.inferred.norelax.1679524131" name="No relaxation (-Wl,--no-relax)" superClass="xilinx.gnu.mb.linker.inferred.norelax" value="true" valueType="boolean"/>
								<option id="xilinx.gnu.mb.linker.inferred.usele.401205933" name="Produce little endian artifacts (-mlittle-endian)" superClass="xilinx.gnu.mb.linker.inferred.usele" value="true" valueType="boolean"/>
								<option id="xilinx.gnu.mb.linker.inferred.usebarrel.2129024449" name="Use Barrel Shifter (-mxl-barrel-shift)" superClass="xilinx.gnu.mb.linker.inferred.usebarrel" value="true" valueType="boolean"/>
								<option id="xilinx.gnu.mb.linker.inferred.usepcmp.1580564120" name="Use Pattern Compare (-mxl-pattern-compare)" superClass="xilinx.gnu.mb.linker.inferred.usepcmp" value="true" valueType="boolean"/>
								<option id="xilinx.gnu.mb.linker.inferred.usediv.1640333554" name="Use hardware divider (-mno-xl-soft-div)" superClass="xilinx.gnu.mb.linker.inferred.usediv" value="true" valueType="boolean"/>
								<option id="xilinx.gnu.mb.linker.inferred.mul.924912777" name="Hardware Multiplier" superClass="xilinx.gnu.mb.linker.inferred.mul" value="xilinx.gnu.mb.linker.inferred.mul.64bit" valueType="enumerated"/>
								<option id="xilinx.gnu.linker.inferred.swplatform.lpath.1558936351" name="Software Platform Library Path" superClass="xilinx.gnu.linker.inferred.swplatform.lpath" valueType="libPaths">
									<listOptionValue builtIn="false" value="../../freertos_mb_1/mb1/lib"/>
								</option>
								<option id="xilinx.gnu.linker.inferred.swplatform.flags.283917229" name="Software Platform Inferred Flags" superClass="xilinx.gnu.linker.inferred.swplatform.flags" valueType="libs">
									<listOptionValue builtIn="false" value="-Wl,--start-group,-lxil,-lfreertos,-lgcc,-lc,--end-group"/>
								</option>
								<option id="xilinx.gnu.c.linker.option.lscript.2034503304" name="Linker Script" superClass="xilinx.gnu.c.linker.option.lscript" value="../src/lscript.ld" valueType="string"/>
								<inputType id="xilinx.gnu.linker.input.881081812" superClass="xilinx.gnu.linker.input">
									<additionalInput kind="additionalinputdependency" paths="$(USER_OBJS)"/>
									<additionalInput kind="additionalinput" paths="$(LIBS)"/>
								</inputType>
								<inputType id="xilinx.gnu.linker.input.lscript.1110201719" name="Linker Script" superClass="xilinx.gnu.linker.input.lscript"/>
							</tool>
							<tool id="xilinx.gnu.mb.cxx.toolchain.linker.release.209214149" name="MicroBlaze g++ linker" superClass="xilinx.gnu.mb.cxx.toolchain.linker.release">
								<option id="xilinx.gnu.mb.linker.inferred.mbversion.1285189124" name="MicroBlaze Version" superClass="xilinx.gnu.mb.linker.inferred.mbversion" value="10.0" valueType="string"/>
								<option id="xilinx.gnu.mb.linker.inferred.norelax.1688185898" name="No relaxation (-Wl,--no-relax)" superClass="xilinx.gnu.mb.linker.inferred.norelax" value="true" valueType="boolean"/>
								<option id="xilinx.gnu.mb.linker.inferred.usele.1812509109" name="Produce little endian artifacts (-mlittle-endian)" superClass="xilinx.gnu.mb.linker.inferred.usele" value="true" valueType="boolean"/>
								<option id="xilinx.gnu.mb.linker.inferred.usebarrel.1815990136" name="Use Barrel Shifter (-mxl-barrel-shift)" superClass="xilinx.gnu.mb.linker.inferred.usebarrel" value="true" valueType="boolean"/>
								<option id="xilinx.gnu.mb.linker.inferred.usepcmp.1631999384" name="Use Pattern Compare (-mxl-pattern-compare)" superClass="xilinx.gnu.mb.linker.inferred.usepcmp" value="true" valueType="boolean"/>
								<option id="xilinx.gnu.mb.linker.inferred.usediv.1776503807" name="Use hardware divider (-mno-xl-soft-div)" superClass="xilinx.gnu.mb.linker.inferred.usediv" value="true" valueType="boolean"/>
								<option id="xilinx.gnu.mb.linker.inferred.mul.595810578" name="Hardware Multiplier" superClass="xilinx.gnu.mb.linker.inferred.mul" value="xilinx.gnu.mb.linker.inferred.mul.64bit" valueType="enumerated"/>
								<option id="xilinx.gnu.linker.inferred.swplatform.lpath.1368656797" name="Software Platform Library Path" superClass="xilinx.gnu.linker.inferred.swplatform.lpath" valueType="libPaths">
									<listOptionValue builtIn="false" value="../../freertos_mb_1/mb1/lib"/>
								</option>
								<option id="xilinx.gnu.linker.inferred.swplatform.flags.1918699095" name="Software Platform Inferred Flags" superClass="xilinx.gnu.linker.inferred.swplatform.flags" valueType="libs">
									<listOptionValue builtIn="false" value="-Wl,--start-group,-lxil,-lfreertos,-lgcc,-lc,--end-group"/>
								</option>
								<option id="xilinx.gnu.c.linker.option.lscript.1376606643" name="Linker Script" superClass="xilinx.gnu.c.linker.option.lscript" value="../src/lscript.ld" valueType="string"/>
							</tool>
							<tool id="xilinx.gnu.mb.size.release.1017958374" name="MicroBlaze Print Size" superClass="xilinx.gnu.mb.size.release"/>
						</toolChain>
					</folderInfo>
					<sourceEntries>
						<entry excluding="src/main_dinosaur.c|src/dinosaur_mb1.c" flags="VALUE_WORKSPACE_PATH|RESOLVED" kind="sourcePath" name=""/>
					</sourceEntries>
				</configuration>
			</storageModule>
			<storageModule moduleId="org.eclipse.cdt.core.externalSettings"/>
		</cconfiguration>
	</storageModule>
	<storageModule moduleId="org.eclipse.cdt.core.LanguageSettingsProviders"/>
	<storageModule moduleId="cdtBuildSystem" version="4.0.0">
		<project id="test_RTOS.xilinx.gnu.mb.exe.1366413139" name="Xilinx MicroBlaze Executable" projectType="xilinx.gnu.mb.exe"/>
	</storageModule>
	<storageModule moduleId="scannerConfiguration">
		<autodiscovery enabled="true" problemReportingEnabled="true" selectedProfileId=""/>
		<scannerConfigBuildInfo instanceId="xilinx.gnu.mb.exe.debug.207557157;xilinx.gnu.mb.exe.debug.207557157.">
			<autodiscovery enabled="true" problemReportingEnabled="true" selectedProfileId="com.xilinx.managedbuilder.ui.MBGCCManagedMakePerProjectProfileC"/>
		</scannerConfigBuildInfo>
		<scannerConfigBuildInfo instanceId="xilinx.gnu.mb.exe.release.2053148616;xilinx.gnu.mb.exe.release.2053148616.;xilinx.gnu.mb.c.toolchain.compiler.release.958703670;xilinx.gnu.compiler.input.601721461">
			<autodiscovery enabled="true" problemReportingEnabled="true" selectedProfileId="com.xilinx.managedbuilder.ui.MBGCCManagedMakePerProjectProfileC"/>
		</scannerConfigBuildInfo>
		<scannerConfigBuildInfo instanceId="xilinx.gnu.mb.exe.debug.207557157;xilinx.gnu.mb.exe.debug.207557157.;xilinx.gnu.mb.c.toolchain.compiler.debug.1464872343;xilinx.gnu.compiler.input.1219382081">
			<autodiscovery enabled="true" problemReportingEnabled="true" selectedProfileId="com.xilinx.managedbuilder.ui.MBGCCManagedMakePerProjectProfileC"/>
		</scannerConfigBuildInfo>
		<scannerConfigBuildInfo instanceId="xilinx.gnu.mb.exe.release.2053148616;xilinx.gnu.mb.exe.release.2053148616.">
			<autodiscovery enabled="true" problemReportingEnabled="true" selectedProfileId="com.xilinx.managedbuilder.ui.MBGCCManagedMakePerProjectProfileC"/>
		</scannerConfigBuildInfo>
	</storageModule>
	<storageModule moduleId="refreshScope"/>
</cproject>
