<?xml version="1.0" encoding="UTF-8"?>
<projectDescription>
	<name>system_top_hw_platform_1</name>
	<comment>Created by SDK v2016.4</comment>
	<projects>
	</projects>
	<buildSpec>
	</buildSpec>
	<natures>
		<nature>com.xilinx.sdk.hw.HwProject</nature>
	</natures>
	<filteredResources>
		<filter>
			<id>1537023062839</id>
			<name></name>
			<type>6</type>
			<matcher>
				<id>org.eclipse.ui.ide.multiFilter</id>
				<arguments>1.0-name-matches-false-false-*.xml</arguments>
			</matcher>
		</filter>
		<filter>
			<id>1537023062843</id>
			<name></name>
			<type>6</type>
			<matcher>
				<id>org.eclipse.ui.ide.multiFilter</id>
				<arguments>1.0-name-matches-false-false-*.svd</arguments>
			</matcher>
		</filter>
		<filter>
			<id>1537023062845</id>
			<name></name>
			<type>6</type>
			<matcher>
				<id>org.eclipse.ui.ide.multiFilter</id>
				<arguments>1.0-name-matches-false-false-*.hwh</arguments>
			</matcher>
		</filter>
	</filteredResources>
</projectDescription>
